RR,M,seq,varID
0.7675158977508545,-1674.94970703125,0,A0
1.2189522981643677,-1674.065673828125,1,Chr22_15528346
1.2036842107772827,-1673.96826171875,2,Chr22_15528427
1.1941592693328857,-1676.1444091796875,3,Chr22_15528472
1.1517027616500854,-1676.28515625,4,Chr22_15528537
0.829415500164032,-1676.1676025390625,5,Chr22_15528558
1.0254318714141846,-1676.962646484375,6,Chr22_15528585
1.0098233222961426,-1676.9228515625,7,Chr22_15528595
0.9399510025978088,-1676.4757080078125,8,Chr22_15528754
1.2384816408157349,-1675.938720703125,9,Chr22_15528888
1.001069188117981,-1677.9736328125,10,Chr22_15528913
1.1230071783065796,-1676.610595703125,11,Chr22_15528960
1.0198529958724976,-1677.3330078125,12,Chr22_15690591
0.9478152394294739,-1677.1533203125,13,Chr22_15698671
1.016000509262085,-1677.227783203125,14,Chr22_15700121
1.0515621900558472,-1677.2216796875,15,Chr22_15700188
0.9893392324447632,-1677.218017578125,16,Chr22_15708022
1.2238709926605225,-1675.81884765625,17,Chr22_16591457
1.1067688465118408,-1676.40380859375,18,Chr22_16591593
1.1067688465118408,-1676.40380859375,19,Chr22_16592176
1.116197109222412,-1675.9990234375,20,Chr22_16783675
0.9667614698410034,-1677.73388671875,21,Chr22_16784014
1.1197352409362793,-1675.888427734375,22,Chr22_16784234
0.9675436019897461,-1677.75,23,Chr22_16784304
1.0557717084884644,-1677.35986328125,24,Chr22_16799932
1.2672008275985718,-1675.552734375,25,Chr22_16964820
1.098448634147644,-1676.802001953125,26,Chr22_16965267
0.9736769199371338,-1677.8040771484375,27,Chr22_16966101
1.4225612878799438,-1674.70361328125,28,Chr22_16966146
1.055521011352539,-1677.1231689453125,29,Chr22_16970039
0.9677664637565613,-1677.107421875,30,Chr22_16970062
0.9304229617118835,-1676.9307861328125,31,Chr22_16988028
0.989912211894989,-1677.898193359375,32,Chr22_16988136
0.982518196105957,-1677.89111328125,33,Chr22_16988159
0.841040849685669,-1676.1893310546875,34,Chr22_17007964
0.8972738981246948,-1676.3013916015625,35,Chr22_17007970
1.0274693965911865,-1677.82666015625,36,Chr22_17108319
0.9636563062667847,-1677.6162109375,37,Chr22_17108356
0.9864256978034973,-1677.9027099609375,38,Chr22_17108677
0.9639678597450256,-1677.60107421875,39,Chr22_17109290
1.0215821266174316,-1677.876220703125,40,Chr22_17109379
1.3106383085250854,-1675.304931640625,41,Chr22_17109514
0.9609417915344238,-1676.7833251953125,42,Chr22_17109709
1.1541619300842285,-1676.331787109375,43,Chr22_17119782
0.9258756637573242,-1676.740966796875,44,Chr22_17119799
1.0806031227111816,-1676.884033203125,45,Chr22_17120087
0.9289494156837463,-1676.646240234375,46,Chr22_17120309
1.2189275026321411,-1676.033203125,47,Chr22_17120381
0.9745258092880249,-1677.841064453125,48,Chr22_17120576
1.0342156887054443,-1677.75,49,Chr22_17120858
1.0169368982315063,-1676.5946044921875,50,Chr22_17138186
1.0158480405807495,-1677.36376953125,51,Chr22_17145025
0.9533132314682007,-1677.513916015625,52,Chr22_17149596
0.9536234736442566,-1677.464111328125,53,Chr22_17159132
0.93705815076828,-1677.151123046875,54,Chr22_17159155
0.8849768042564392,-1675.091796875,55,Chr22_17181903
0.9648165106773376,-1677.710205078125,56,Chr22_17188416
0.952258288860321,-1677.493896484375,57,Chr22_17209519
1.0091699361801147,-1677.806884765625,58,Chr22_17209540
1.0163887739181519,-1677.8358154296875,59,Chr22_17511820
0.9466755986213684,-1676.4456787109375,60,Chr22_17511843
1.3089946508407593,-1675.4813232421875,61,Chr22_17540693
1.0369170904159546,-1677.65625,62,Chr22_17541915
1.0067864656448364,-1676.9697265625,63,Chr22_17542247
0.9509269595146179,-1676.66259765625,64,Chr22_17542357
0.9838312268257141,-1677.13330078125,65,Chr22_17542363
0.89186030626297,-1676.3631591796875,66,Chr22_17542684
1.0169368982315063,-1676.5946044921875,67,Chr22_17548287
1.2384816408157349,-1675.938720703125,68,Chr22_17585332
1.057956337928772,-1676.8209228515625,69,Chr22_17594568
1.1418243646621704,-1676.2957763671875,70,Chr22_17598196
0.9941245317459106,-1677.8616943359375,71,Chr22_17683229
1.0868420600891113,-1676.4600830078125,72,Chr22_17683255
1.0065189599990845,-1677.9150390625,73,Chr22_17726847
1.024347186088562,-1677.7313232421875,74,Chr22_17726952
1.0015145540237427,-1677.755615234375,75,Chr22_17727154
1.020207166671753,-1677.760009765625,76,Chr22_17738065
0.9120859503746033,-1676.8804931640625,77,Chr22_17743846
0.8976122736930847,-1676.7318115234375,78,Chr22_17743998
0.9424144625663757,-1676.76953125,79,Chr22_17810736
0.9845066666603088,-1677.905029296875,80,Chr22_17817474
1.1756072044372559,-1676.2357177734375,81,Chr22_17817498
0.9652435779571533,-1677.724609375,82,Chr22_17817828
1.0429577827453613,-1677.2564697265625,83,Chr22_17818009
0.9621307849884033,-1677.678955078125,84,Chr22_17818113
0.9960455298423767,-1676.499267578125,85,Chr22_17818292
0.8797840476036072,-1676.493408203125,86,Chr22_17818424
1.0570411682128906,-1676.515625,87,Chr22_17818742
1.042691946029663,-1676.503662109375,88,Chr22_17818803
0.9366843104362488,-1676.618896484375,89,Chr22_17818834
0.9855966567993164,-1677.932373046875,90,Chr22_17818927
1.0182311534881592,-1677.515869140625,91,Chr22_17822055
1.0182311534881592,-1677.515869140625,92,Chr22_17822125
1.170131802558899,-1676.1898193359375,93,Chr22_17823031
1.0645294189453125,-1677.2010498046875,94,Chr22_17827673
1.1941592693328857,-1676.1444091796875,95,Chr22_17834464
1.072867751121521,-1677.0869140625,96,Chr22_17872000
1.103522777557373,-1676.7608642578125,97,Chr22_17872017
1.0045584440231323,-1676.94189453125,98,Chr22_17875535
1.008563756942749,-1676.4547119140625,99,Chr22_17895347
0.9589094519615173,-1676.7193603515625,100,Chr22_17896874
